kind	path	size	inode	mtime	hash
FILE	/home/big-bro/images/img_1.jpg	19801	1427866	1777303327	c0a913e19dd2bce5
FILE	/home/big-bro/images/img_2.jpg	22370	1427864	1777303327	dbbd51a15730c719
FILE	/home/big-bro/images/img_3.jpg	23656	1427867	1777303327	13abcc7242ea4fb8
FILE	/home/big-bro/images/img_4.jpg	31217	1427865	1777303327	f51bb6a1f9def21f
FILE	/home/big-bro/images/img_5.jpg	28810	1427868	1777303327	7bb22eaed61bd04c
FILE	/home/big-bro/images/img_6.jpg	19045	1427869	1777303327	3a182070411932a0
FILE	/home/big-bro/images/img_7.jpg	25470	1427871	1777303327	478ef0f7f764959a
FILE	/home/big-bro/images/img_8.jpg	10453	1427870	1777303327	0c7168670c2fe46a
FILE	/home/big-bro/images/img_9.jpg	29401	1427872	1777303327	1ec356e6ef49a3ca
FILE	/home/big-bro/images/img_10.jpg	49235	1427873	1777303328	0dce1625082cb707
FILE	/home/big-bro/images/img_11.jpg	12631	1427874	1777303328	5908c582162f7148
FILE	/home/big-bro/images/img_12.jpg	18925	1427875	1777303328	f28d4884489f2008
FILE	/home/big-bro/images/img_13.jpg	23697	1427876	1777303328	b8d15f5945f1aa1a
FILE	/home/big-bro/images/img_14.jpg	7451	1427888	1777303328	355501c37df96792
FILE	/home/big-bro/images/img_15.jpg	17072	1427890	1777303328	fbd52c80dd888d0a
FILE	/home/big-bro/images/img_16.jpg	8114	1427891	1777303328	63f981eb4d16c108
FILE	/home/big-bro/images/img_17.jpg	38089	1427892	1777303328	131694e78aa49678
FILE	/home/big-bro/images/img_18.jpg	11856	1427893	1777303328	1b0941f4add2361f
FILE	/home/big-bro/images/img_19.jpg	23690	1427901	1777303328	2262c0779501fd06
FILE	/home/big-bro/images/img_20.jpg	28776	1427902	1777303329	96a8bb8c4ae650fd
SIDECAR	/home/big-bro/images/img_1.jpg.imeta	390	1428043	1777307350	e0b07a1f45f2550b
SIDECAR	/home/big-bro/images/img_2.jpg.imeta	553	1428045	1777307350	785b9f0342726b2d
SIDECAR	/home/big-bro/images/img_3.jpg.imeta	553	1428046	1777307350	91c3f6ad3c3da4aa
SIDECAR	/home/big-bro/images/img_4.jpg.imeta	553	1428047	1777307350	9580d3805e6dac5a
SIDECAR	/home/big-bro/images/img_5.jpg.imeta	553	1428048	1777307350	d1f0b780a9f61558
SIDECAR	/home/big-bro/images/img_6.jpg.imeta	553	1428049	1777307350	24fc95609647ae1d
SIDECAR	/home/big-bro/images/img_7.jpg.imeta	553	1428050	1777307350	10fdd918bf0138d5
SIDECAR	/home/big-bro/images/img_8.jpg.imeta	553	1428051	1777307350	dd02fb1ef9f36ef9
SIDECAR	/home/big-bro/images/img_9.jpg.imeta	553	1428052	1777307350	0d913e843100c23c
SIDECAR	/home/big-bro/images/img_10.jpg.imeta	555	1428053	1777307350	e5b6251c600f2dbf
SIDECAR	/home/big-bro/images/img_11.jpg.imeta	555	1428054	1777307350	ce14a3c436e2e1d0
SIDECAR	/home/big-bro/images/img_12.jpg.imeta	555	1428055	1777307350	465592f7e410611b
SIDECAR	/home/big-bro/images/img_13.jpg.imeta	555	1428056	1777307350	861d3c2219c9db16
SIDECAR	/home/big-bro/images/img_14.jpg.imeta	554	1428057	1777307350	70f04464e5549519
SIDECAR	/home/big-bro/images/img_15.jpg.imeta	555	1428058	1777307350	cfaad9c9e289dc78
SIDECAR	/home/big-bro/images/img_16.jpg.imeta	554	1428059	1777307350	779c82d92dd3fac8
SIDECAR	/home/big-bro/images/img_17.jpg.imeta	570	1428060	1777307481	1f08350fbfd76516
SIDECAR	/home/big-bro/images/img_18.jpg.imeta	555	1428061	1777307350	1c7d765b3ad0aa9b
SIDECAR	/home/big-bro/images/img_19.jpg.imeta	555	1428062	1777307350	8819bf5c44de2292
SIDECAR	/home/big-bro/images/img_20.jpg.imeta	555	1428063	1777307350	afdb2190d99853ae
